Scheme Code;Scheme Name;ISIN Div Payout/ISIN Growth;ISIN Div Reinvestment;Net Asset Value;Repurchase Price;Sale Price;Date

Open Ended Schemes ( Debt Scheme - Overnight Fund )


Aditya Birla Sun Life Mutual Fund
145488;ADITYA BIRLA SUN LIFE OVERNIGHT FUND-  Direct - Monthly Payout of IDCW;INF209KB1ZL4;;1003.1366;;;20-Jun-2026
145489;ADITYA BIRLA SUN LIFE OVERNIGHT FUND-  Direct - Weekly Reinvestment of IDCW;;INF209KB1ZJ8;1000.163;;;20-Jun-2026
145482;ADITYA BIRLA SUN LIFE OVERNIGHT FUND-  Regular - Weekly Reinvestment of IDCW option;;INF209KB1ZE9;1000.159;;;20-Jun-2026
145487;ADITYA BIRLA SUN LIFE OVERNIGHT FUND- Direct - Daily Reinvestment of IDCW;;INF209KB1ZI0;1000.1635;;;20-Jun-2026
145483;ADITYA BIRLA SUN LIFE OVERNIGHT FUND- Regular - Daily Reinvestment of IDCW;;INF209KB1ZD1;1000.1775;;;20-Jun-2026
145485;ADITYA BIRLA SUN LIFE OVERNIGHT FUND- Regular- Monthly Payout of IDCW option;INF209KB1ZG4;;1003.0704;;;20-Jun-2026
145486;ADITYA BIRLA SUN LIFE OVERNIGHT FUND-DIRECT PLAN-GROWTH;INF209KB1ZH2;;1473.2394;;;20-Jun-2026
145481;ADITYA BIRLA SUNLIFE OVERNIGHT FUND-REGULAR PLAN-GROWTH;INF209KB1ZC3;;1460.4383;;;20-Jun-2026

Axis Mutual Fund
146679;Axis Overnight Fund - Direct Plan - Daily IDCW;;INF846K01N99;1000.5073;;;20-Jun-2026
146675;Axis Overnight Fund - Direct Plan - Growth Option;INF846K01N65;;1441.9894;;;20-Jun-2026
146677;Axis Overnight Fund - Direct Plan - Monthly IDCW;INF846K01N73;INF846K01N81;1004.5393;;;20-Jun-2026
146676;Axis Overnight Fund - Direct Plan - Weekly IDCW;INF846K01N40;INF846K01N57;1001.4146;;;20-Jun-2026
146682;Axis Overnight Fund - Regular Plan - Daily IDCW;;INF846K01O56;1000.5032;;;20-Jun-2026
146678;Axis Overnight Fund - Regular Plan - Growth Option;INF846K01O23;;1436.5348;;;20-Jun-2026
146681;Axis Overnight Fund - Regular Plan - Monthly IDCW;INF846K01O31;INF846K01O49;1004.5050;;;20-Jun-2026
146680;Axis Overnight Fund - Regular Plan - Weekly IDCW;INF846K01O07;INF846K01O15;1001.3867;;;20-Jun-2026

Bajaj Finserv Mutual Fund
153437;Bajaj Finserv Overnight Fund - Direct - Unclaimed less than 3 years IDCW Plan;INF0QA701AE3;;1062.1552;;;20-Jun-2026
153438;Bajaj Finserv Overnight Fund - Direct - Unclaimed less than 3 years Redemption Plan;INF0QA701AF0;;1068.2186;;;20-Jun-2026
151843;Bajaj Finserv Overnight Fund - Direct Plan - Daily - IDCW;;INF0QA701185;1033.1412;;;20-Jun-2026
151850;Bajaj Finserv Overnight Fund - Direct Plan - Fortnightly - IDCW;INF0QA701235;INF0QA701201;1033.8867;;;20-Jun-2026
151849;Bajaj Finserv Overnight Fund - Direct Plan - Growth;INF0QA701177;;1195.2156;;;20-Jun-2026
151845;Bajaj Finserv Overnight Fund - Direct Plan - Monthly - IDCW;INF0QA701243;INF0QA701219;1033.8922;;;20-Jun-2026
151844;Bajaj Finserv Overnight Fund - Direct Plan - Weekly - IDCW;INF0QA701227;INF0QA701193;1033.8788;;;20-Jun-2026
151852;Bajaj Finserv Overnight Fund - Regular Plan - Daily - IDCW;;INF0QA701292;1032.8859;;;20-Jun-2026
151847;Bajaj Finserv Overnight Fund - Regular Plan - Fortnightly - IDCW;INF0QA701318;INF0QA701276;1033.6629;;;20-Jun-2026
151851;Bajaj Finserv Overnight Fund - Regular Plan - Growth;INF0QA701250;;1193.4477;;;20-Jun-2026
151848;Bajaj Finserv Overnight Fund - Regular Plan - Monthly - IDCW;INF0QA701326;INF0QA701284;1033.6337;;;20-Jun-2026
151846;Bajaj Finserv Overnight Fund - Regular Plan - Weekly - IDCW;INF0QA701300;INF0QA701268;1033.5839;;;20-Jun-2026

Bandhan Mutual Fund
146190;BANDHAN Overnight Fund - Direct Plan - Daily IDCW;INF194KB1462;INF194KB1470;1000.1517;;;20-Jun-2026
146191;BANDHAN Overnight Fund - Direct Plan - Growth;INF194KB1447;;1452.7701;;;20-Jun-2026
146183;BANDHAN Overnight Fund - Direct Plan - Monthly IDCW;INF194KB1496;INF194KB1504;1003.4061;;;20-Jun-2026
146184;BANDHAN Overnight Fund - Direct Plan - Periodic IDCW;INF194KB1520;INF194KB1538;1323.8720;;;20-Jun-2026
146192;BANDHAN Overnight Fund - Direct Plan - Weekly IDCW;INF194KB1553;INF194KB1561;1000.1494;;;20-Jun-2026
146188;BANDHAN Overnight Fund - Regular Plan - Daily IDCW;INF194KB1330;INF194KB1348;1000.1350;;;20-Jun-2026
146187;BANDHAN Overnight Fund - Regular Plan - Growth;INF194KB1314;;1441.2177;;;20-Jun-2026
146185;BANDHAN Overnight Fund - Regular Plan - Monthly IDCW;INF194KB1363;INF194KB1371;1003.3519;;;20-Jun-2026
146189;BANDHAN Overnight Fund - Regular Plan - Weekly IDCW;INF194KB1421;INF194KB1439;1001.0206;;;20-Jun-2026
146186;BANDHAN Overnight Fund - REGULAR PLAN PERIODIC IDCW;INF194KB1397;INF194KB1405;1318.7437;;;20-Jun-2026

Bank of India Mutual Fund
147951;BANK OF INDIA Overnight Fund Direct Plan Growth;INF761K01EU7;;1385.7401;;;20-Jun-2026
147952;BANK OF INDIA Overnight Fund Direct Plan- Daily IDCW;;INF761K01EV5;1000.0000;;;20-Jun-2026
147948;BANK OF INDIA Overnight Fund Direct Plan- Monthly IDCW;INF761K01EY9;INF761K01EX1;1003.5255;;;20-Jun-2026
147936;BANK OF INDIA Overnight Fund Regular Plan Growth;INF761K01EZ6;;1381.5310;;;20-Jun-2026
147953;BANK OF INDIA Overnight Fund Regular Plan- Daily IDCW;;INF761K01FA6;1000.0003;;;20-Jun-2026
147949;BANK OF INDIA Overnight Fund Regular Plan- Monthly IDCW;INF761K01FD0;INF761K01FC2;1003.4950;;;20-Jun-2026
149412;BANK OF INDIA Overnight Fund Unclaimed IDCW Plan - Greater than 3 Years;;;1000.0000;;;20-Jun-2026
149414;BANK OF INDIA Overnight Fund Unclaimed IDCW Plan - Up to 3 Years;;;1302.8830;;;20-Jun-2026
149415;BANK OF INDIA Overnight Fund Unclaimed Redemption Plan - Greater than 3 Years;;;1000.0000;;;20-Jun-2026
149413;BANK OF INDIA Overnight Fund Unclaimed Redemption Plan - Upto 3 Years;;;1303.1693;;;20-Jun-2026

Baroda BNP Paribas Mutual Fund
147197;Baroda BNP Paribas Overnight Fund - Direct Plan - Daily IDCW;;INF955L01HW2;1000.0028;;;20-Jun-2026
147196;Baroda BNP Paribas Overnight Fund - Direct Plan - Growth;INF955L01HV4;;1430.8877;;;20-Jun-2026
147195;Baroda BNP Paribas Overnight Fund - Direct Plan - Weekly IDCW;;INF955L01HX0;1000.6713;;;20-Jun-2026
149988;Baroda BNP Paribas Overnight Fund - Plan C - Unclaimed IDCW - Greater than 3 years;;;1000.0000;;;20-Jun-2026
149991;Baroda BNP Paribas Overnight Fund - Plan C - Unclaimed IDCW - Up to 3 years;;;1283.8315;;;20-Jun-2026
149990;Baroda BNP Paribas Overnight Fund - Plan C - Unclaimed Redemption - Greater than 3 years;;;1000.0000;;;20-Jun-2026
149989;Baroda BNP Paribas Overnight Fund - Plan C - Unclaimed Redemption - Up to 3 years;;;1283.8015;;;20-Jun-2026
147194;Baroda BNP Paribas Overnight Fund - Regular Plan - Daily IDCW;;INF955L01HT8;1000.0018;;;20-Jun-2026
147193;Baroda BNP Paribas Overnight Fund - Regular Plan - Growth;INF955L01HS0;;1424.1567;;;20-Jun-2026
147198;Baroda BNP Paribas Overnight Fund - Regular Plan - Weekly IDCW;;INF955L01HU6;1001.1547;;;20-Jun-2026

Canara Robeco Mutual Fund
147532;CANARA ROBECO OVERNIGHT FUND - DIRECT PLAN - DAILY IDCW (Reinvestment);;INF760K01JN3;1001.0012;;;20-Jun-2026
147531;CANARA ROBECO OVERNIGHT FUND - DIRECT PLAN - GROWTH OPTION;INF760K01JM5;;1406.0015;;;20-Jun-2026
147533;CANARA ROBECO OVERNIGHT FUND - REGULAR PLAN - DAILY IDCW (Reinvestment);;INF760K01JP8;1001.0000;;;20-Jun-2026
147534;CANARA ROBECO OVERNIGHT FUND - REGULAR PLAN - GROWTH OPTION;INF760K01JO1;;1404.4574;;;20-Jun-2026

DSP Mutual Fund
146062;DSP Overnight Fund - Direct Plan - Growth;INF740KA1MC8;;1459.1254;;;20-Jun-2026
146065;DSP Overnight Fund - Direct Plan - IDCW - Daily;;INF740KA1OR2;1000.1524;;;20-Jun-2026
146061;DSP Overnight Fund - Regular Plan - Growth;INF740KA1MB0;;1450.4849;;;20-Jun-2026
146066;DSP Overnight Fund - Regular Plan - IDCW - Daily;;INF740KA1OU6;1000.1432;;;20-Jun-2026
146063;DSP Overnight Fund - Regular Plan - IDCW - Weekly;INF740KA1OV4;INF740KA1OW2;1001.2549;;;20-Jun-2026
149313;Unclaimed IDCW - Beyond 3 years (Invested in DSP Overnight Fund);;;10.0014;;;20-Jun-2026
149312;Unclaimed IDCW - Upto 3 years (Invested in DSP Overnight Fund);;;12.9975;;;20-Jun-2026
149311;Unclaimed Redemption - Beyond 3 years (Invested in DSP Overnight Fund);;;10.0014;;;20-Jun-2026
149310;Unclaimed Redemption - Upto 3 years (Invested in DSP Overnight Fund);;;12.9975;;;20-Jun-2026

Edelweiss Mutual Fund
147551;Edelweiss Overnight Fund - Direct Plan - Annual - IDCW Option;INF754K01KD5;INF754K01KC7;1409.5034;;;20-Jun-2026
147557;Edelweiss Overnight Fund - Direct Plan - Daily - IDCW Option;;INF754K01JW7;1000.2304;;;20-Jun-2026
147550;Edelweiss Overnight Fund - Direct Plan - Fortnightly - IDCW Option;INF754K01JZ0;INF754K01JY3;1369.3243;;;20-Jun-2026
147570;Edelweiss Overnight Fund - Direct Plan - Growth;INF754K01JV9;;1409.0366;;;20-Jun-2026
147554;Edelweiss Overnight Fund - Direct Plan - Monthly - IDCW Option;INF754K01KB9;INF754K01KA1;1061.4048;;;20-Jun-2026
147558;Edelweiss Overnight Fund - Direct Plan - Weekly - IDCW Option;;INF754K01JX5;1379.0927;;;20-Jun-2026
147556;Edelweiss Overnight Fund - Regular Plan - Annual - IDCW Option;INF754K01KM6;INF754K01KL8;1403.7258;;;20-Jun-2026
147552;Edelweiss Overnight Fund - Regular Plan - Daily - IDCW Option;;INF754K01KF0;1008.3711;;;20-Jun-2026
147549;Edelweiss Overnight Fund - Regular Plan - Fortnightly - IDCW Option;INF754K01KI4;INF754K01KH6;1096.0822;;;20-Jun-2026
147569;Edelweiss Overnight Fund - Regular Plan - Growth;INF754K01KE3;;1403.7143;;;20-Jun-2026
147555;Edelweiss Overnight Fund - Regular Plan - Monthly - IDCW Option;INF754K01KK0;INF754K01KJ2;1008.0976;;;20-Jun-2026
147553;Edelweiss Overnight Fund - Regular Plan - Weekly - IDCW Option;;INF754K01KG8;1017.1257;;;20-Jun-2026
149476;Edelweiss Overnight Fund - Unclaimed IDCW Plan - Above 3 years;;;1000;;;20-Jun-2026
149477;Edelweiss Overnight Fund - Unclaimed IDCW Plan - Upto 3 years;;;1289.1924;;;20-Jun-2026
149479;Edelweiss Overnight Fund - Unclaimed Redemption Plan - Above 3 years;;;1000;;;20-Jun-2026
149478;Edelweiss Overnight Fund - Unclaimed Redemption Plan - Upto 3 years;;;1289.1908;;;20-Jun-2026

Franklin Templeton Mutual Fund
147213;Franklin India Overnight fund- Growth;INF090I01SO8;;1416.1261;;;20-Jun-2026
147214;Franklin India Overnight Fund- Growth - Direct;INF090I01SS9;;1421.0559;;;20-Jun-2026

Groww Mutual Fund
147458;Groww Overnight Fund (formerly known as Indiabulls Overnight Fund)- Direct Plan- - Income Distribution cum capital withdrawal Option ( Reinvestment);;INF666M01GM6;1001.3106;;;20-Jun-2026
147452;Groww Overnight Fund (formerly known as Indiabulls Overnight Fund)- Direct Plan- Fortnightly - Income Distribution cum capital withdrawal Option (Payout & Reinvestment);INF666M01GP9;INF666M01GQ7;1216.4196;;;20-Jun-2026
147450;Groww Overnight Fund (formerly known as Indiabulls Overnight Fund)- Direct Plan- Growth Option;INF666M01GL8;;1403.2183;;;20-Jun-2026
147453;Groww Overnight Fund (formerly known as Indiabulls Overnight Fund)- Direct Plan- Monthly - Income Distribution cum capital withdrawal Option (Payout & Reinvestment);INF666M01GR5;INF666M01GS3;1003.9885;;;20-Jun-2026
147451;Groww Overnight Fund (formerly known as Indiabulls Overnight Fund)- Direct Plan- Weekly - Income Distribution cum capital withdrawal Option (Payout & Reinvestment);INF666M01GN4;INF666M01GO2;1002.9344;;;20-Jun-2026
147455;Groww Overnight Fund (formerly known as Indiabulls Overnight Fund)- Regular Plan- - Income Distribution cum capital withdrawal Option ( Reinvestment);;INF666M01GU9;1001.2007;;;20-Jun-2026
147457;Groww Overnight Fund (formerly known as Indiabulls Overnight Fund)- Regular Plan- Fortnightly - Income Distribution cum capital withdrawal Option (Payout & Reinvestment);INF666M01GX3;INF666M01GY1;1002.219;;;20-Jun-2026
147454;Groww Overnight Fund (formerly known as Indiabulls Overnight Fund)- Regular Plan- Growth Option;INF666M01GT1;;1394.0563;;;20-Jun-2026
147459;Groww Overnight Fund (formerly known as Indiabulls Overnight Fund)- Regular Plan- Monthly - Income Distribution cum capital withdrawal Option (Payout & Reinvestment);INF666M01GZ8;INF666M01HA9;1003.8601;;;20-Jun-2026
147456;Groww Overnight Fund (formerly known as Indiabulls Overnight Fund)- Regular Plan- Weekly - Income Distribution cum capital withdrawal Option (Payout & Reinvestment);INF666M01GV7;INF666M01GW5;1001.6405;;;20-Jun-2026
149394;Groww Overnight Fund (formerly known as Indiabulls Overnight Fund)- Unclaimed Dividend < 3 years;;;1301.8552;;;20-Jun-2026
149396;Groww Overnight Fund (formerly known as Indiabulls Overnight Fund)- Unclaimed Redemption < 3 Years;;;1287.8335;;;20-Jun-2026
149395;Groww Overnight Fund (formerly known as Indiabulls Overnight Fund)- Unclaimed Redemption > 3 Years;;;1000;;;20-Jun-2026

HDFC Mutual Fund
101996;HDFC Overnight Fund - Growth Option;INF179KB1HS3;;3995.5377;;;20-Jun-2026
119110;HDFC Overnight Fund - Growth Option - Direct Plan;INF179KB1HT1;;4037.8584;;;20-Jun-2026

Helios Mutual Fund
152151;Helios Overnight Fund - Direct Plan - Daily IDCW Option;INF0R8701087;;1000.1391;;;20-Jun-2026
152152;Helios Overnight Fund - Direct Plan - Growth Option;INF0R8701079;;1168.0695;;;20-Jun-2026
152154;Helios Overnight Fund - Regular Plan - Daily IDCW Option;INF0R8701103;;1000.1380;;;20-Jun-2026
152153;Helios Overnight Fund - Regular Plan - Growth Option;INF0R8701095;;1166.5281;;;20-Jun-2026

HSBC Mutual Fund
147291;HSBC Overnight Fund - Direct Daily IDCW;;INF336L01OG4;1000.1517;;;20-Jun-2026
147287;HSBC Overnight Fund - Direct Growth;INF336L01OF6;;1425.4751;;;20-Jun-2026
147300;HSBC Overnight Fund - Direct Monthly IDCW;INF336L01OK6;INF336L01OI0;1003.661;;;20-Jun-2026
147296;HSBC Overnight Fund - Direct Weekly IDCW;INF336L01OJ8;INF336L01OH2;1000.5869;;;20-Jun-2026
147289;HSBC Overnight Fund - Regular Daily IDCW;;INF336L01OM2;1000.1544;;;20-Jun-2026
147290;HSBC Overnight Fund - Regular Growth;INF336L01OL4;;1413.324;;;20-Jun-2026
147301;HSBC Overnight Fund - Regular Monthly IDCW;INF336L01OQ3;INF336L01OO8;1003.603;;;20-Jun-2026
147288;HSBC Overnight Fund - Regular Weekly IDCW;INF336L01OP5;INF336L01ON0;1000.5896;;;20-Jun-2026
150501;HSBC Overnight Fund - Unclaimed IDCW Above three years;;;1000;;;20-Jun-2026
150499;HSBC Overnight Fund - Unclaimed IDCW Below three years;;;1265.0979;;;20-Jun-2026
150500;HSBC Overnight Fund - Unclaimed Redemption above three years;;;1000;;;20-Jun-2026
150502;HSBC Overnight Fund - Unclaimed Redemption Below three years;;;1265.1174;;;20-Jun-2026

ICICI Prudential Mutual Fund
145536;ICICI Prudential Overnight Fund - Direct Plan - Growth;INF109KC11G1;;1467.8706;;;20-Jun-2026
145535;ICICI Prudential Overnight Fund - Growth;INF109KC17E3;;1458.6893;;;20-Jun-2026

Invesco Mutual Fund
147884;Invesco India Overnight Fund - Direct Plan - Daily IDCW (Reinvestment);;INF205KA1122;1000.5303;;;20-Jun-2026
147883;Invesco India Overnight Fund - Direct Plan - Growth;INF205KA1163;;1376.2663;;;20-Jun-2026
147886;Invesco India Overnight Fund - Direct Plan - Monthly IDCW (Payout / Reinvestment);INF205KA1155;INF205KA1148;1003.4462;;;20-Jun-2026
147880;Invesco India Overnight Fund - Regular Plan - Daily IDCW (Reinvestment);;INF205KA1072;1000.1395;;;20-Jun-2026
147878;Invesco India Overnight Fund - Regular Plan - Growth;INF205KA1114;;1371.2846;;;20-Jun-2026
147879;Invesco India Overnight Fund - Regular Plan - Monthly IDCW (Payout / Reinvestment);INF205KA1106;INF205KA1098;1003.7605;;;20-Jun-2026
147881;Invesco India Overnight Fund - Regular Plan - Weekly IDCW (Reinvestment);;INF205KA1080;1000.9321;;;20-Jun-2026

ITI Mutual Fund
147707;ITI Overnight Fund - Direct Plan - Annual IDCW Option;INF00XX01648;INF00XX01614;1020.3220;;;20-Jun-2026
147708;ITI Overnight Fund - Direct Plan - Daily IDCW Option;;INF00XX01572;1000.9992;;;20-Jun-2026
147710;ITI Overnight Fund - Direct Plan - Fortnightly IDCW Option;INF00XX01622;INF00XX01598;1002.2200;;;20-Jun-2026
147713;ITI Overnight Fund - Direct Plan - Growth Option;INF00XX01564;;1378.0445;;;20-Jun-2026
147717;ITI Overnight Fund - Direct Plan - Monthly IDCW Option;INF00XX01630;INF00XX01606;1004.3371;;;20-Jun-2026
147711;ITI Overnight Fund - Direct Plan - Weekly IDCW option;;INF00XX01580;1001.5326;;;20-Jun-2026
147709;ITI Overnight Fund - Regular Plan - Daily IDCW Option;;INF00XX01481;1001.0002;;;20-Jun-2026
147716;ITI Overnight Fund - Regular Plan - Fortnightly IDCW Option;INF00XX01531;INF00XX01507;1002.2593;;;20-Jun-2026
147714;ITI Overnight Fund - Regular Plan - Growth Option;INF00XX01473;;1368.8444;;;20-Jun-2026
147718;ITI Overnight Fund - Regular Plan - Monthly IDCW Option;INF00XX01549;INF00XX01515;1001.0714;;;20-Jun-2026
147712;ITI Overnight Fund - Regular Plan - Weekly IDCW Option;;INF00XX01499;1001.5250;;;20-Jun-2026

Jio BlackRock Mutual Fund
153650;JioBlackRock Overnight Fund - Direct Plan - Growth Option;INF22M001036;;1051.8422;;;20-Jun-2026
154070;JioBlackRock Overnight Fund - Unclaimed Redemption - Upto 3 years - Growth Option;;;1028.5551;;;20-Jun-2026

JM Financial Mutual Fund
147838;JM Overnight Fund (Direct) - Daily IDCW;;INF192K01LY2;1000;;;20-Jun-2026
147835;JM Overnight Fund (Direct) - Weekly IDCW;INF192K01LZ9;INF192K01MA0;1000.5447;;;20-Jun-2026
147839;JM Overnight Fund (Regular) - Daily IDCW;;INF192K01LU0;1000;;;20-Jun-2026
147836;JM Overnight Fund (Regular) - Growth;INF192K01LX4;;1373.8217;;;20-Jun-2026
147834;JM Overnight Fund (Regular) - Weekly IDCW;INF192K01LV8;INF192K01LW6;1000.5287;;;20-Jun-2026
147837;JM Overnight Fund - (Direct) - Growth;INF192K01MB8;;1380.1134;;;20-Jun-2026
149828;JM Overnight Fund - (Direct) - Unclaimed IDCW - Growth Plan;INF192K01MJ1;;1385.8685;;;20-Jun-2026
149827;JM Overnight Fund - (Direct) - Unclaimed IDCW I.E.F. - Growth Plan;INF192K01ML7;;1073.9936;;;20-Jun-2026
149829;JM Overnight Fund - (Direct) - Unclaimed Redemption - Growth Plan;INF192K01MI3;;1380.1336;;;20-Jun-2026
149826;JM Overnight Fund - (Direct) - Unclaimed Redemption I.E.F. - Growth Plan;INF192K01MK9;;1073.9936;;;20-Jun-2026

Kotak Mahindra Mutual Fund
146141;Kotak Overnight Fund -Direct Plan-Growth Option;INF174KA1BF9;;1453.3928;;;20-Jun-2026
146142;Kotak Overnight Fund -Regular plan-Growth Option;INF174KA1BC6;;1443.5655;;;20-Jun-2026
146140;Kotak Overnight Fund-Direct Plan- Daily Reinvestment of Income Distribution cum capital withdrawal option;;INF174KA1BE2;1003.7473;;;20-Jun-2026
146138;Kotak Overnight Fund-Regular Plan- Daily Reinvestment of Income Distribution cum capital withdrawal option;;INF174KA1BB8;1004.8952;;;20-Jun-2026

LIC Mutual Fund
147516;LIC MF Overnight Fund-Direct Plan-Daily IDCW;;INF767K01QG7;1118.2603;;;20-Jun-2026
147515;LIC MF Overnight Fund-Direct Plan-Growth;INF767K01QI3;;1412.0684;;;20-Jun-2026
147513;LIC MF Overnight Fund-Direct Plan-IDCW;INF767K01QE2;INF767K01QF9;1412.2368;;;20-Jun-2026
147514;LIC MF Overnight Fund-Direct Plan-Weekly IDCW;;INF767K01QH5;1101.2519;;;20-Jun-2026
147517;LIC MF Overnight Fund-Regular Plan-Daily IDCW;;INF767K01QB8;1114.5006;;;20-Jun-2026
147519;LIC MF Overnight Fund-Regular Plan-Growth;INF767K01QD4;;1400.2906;;;20-Jun-2026
147512;LIC MF Overnight Fund-Regular Plan-IDCW;INF767K01PZ9;INF767K01QA0;1238.478;;;20-Jun-2026
147518;LIC MF Overnight Fund-Regular Plan-Weekly IDCW;;INF767K01QC6;1179.8901;;;20-Jun-2026

Mahindra Manulife Mutual Fund
147563;Mahindra Manulife Overnight Fund - Direct Plan - Daily IDCW;;INF174V01846;1413.2965;;;20-Jun-2026
147564;Mahindra Manulife Overnight Fund - Direct Plan -Growth;INF174V01838;;1409.8248;;;20-Jun-2026
147566;Mahindra Manulife Overnight Fund - Regular Plan - Daily IDCW;;INF174V01820;1241.6261;;;20-Jun-2026
147565;Mahindra Manulife Overnight Fund - Regular Plan - Growth;INF174V01812;;1400.0322;;;20-Jun-2026
149471;Mahindra Manulife Overnight Fund - Unclaimed Redemption/IDCW beyond 3 years;;;1000.0000;;;20-Jun-2026
149470;Mahindra Manulife Overnight Fund - Unclaimed Redemption/IDCW upto 3 years;;;1292.9479;;;20-Jun-2026

Mirae Asset Mutual Fund
147737;Mirae Asset Overnight Fund Direct Daily IDCW;;INF769K01FJ0;1000.0247;;;20-Jun-2026
147738;Mirae Asset Overnight Fund Direct Monthly IDCW;INF769K01FF8;INF769K01FI2;1003.6779;;;20-Jun-2026
147736;Mirae Asset Overnight Fund Direct Plan Growth;INF769K01FG6;;1397.0159;;;20-Jun-2026
147740;Mirae Asset Overnight Fund Direct Weekly IDCW;;INF769K01FK8;1000.4263;;;20-Jun-2026
147743;Mirae Asset Overnight Fund Regular Daily  IDCW ;;INF769K01FL6;1000.0069;;;20-Jun-2026
147742;Mirae Asset Overnight Fund Regular Monthly IDCW;INF769K01FD3;INF769K01FH4;1003.6182;;;20-Jun-2026
147739;Mirae Asset Overnight Fund Regular Plan Growth;INF769K01FE1;;1388.5482;;;20-Jun-2026
147741;Mirae Asset Overnight Fund Regular Weekly IDCW;;INF769K01FM4;1000.4362;;;20-Jun-2026

Nippon India Mutual Fund
145830;NIPPON INDIA OVERNIGHT FUND - DAILY IDCW Option;;INF204KB1Q73;100.0189;;;20-Jun-2026
145812;NIPPON INDIA OVERNIGHT FUND - DIRECT Plan - DAILY IDCW Option;;INF204KB1R49;100.0192;;;20-Jun-2026
145810;Nippon India Overnight Fund - Direct Plan - Growth Option;INF204KB1R31;;146.3343;;;20-Jun-2026
145824;NIPPON INDIA OVERNIGHT FUND - DIRECT Plan - MONTHLY IDCW Option;INF204KB1R64;INF204KB1R72;100.4898;;;20-Jun-2026
145825;NIPPON INDIA OVERNIGHT FUND - DIRECT Plan - QUARTERLY IDCW Option;INF204KB1R80;INF204KB1R98;100.2988;;;20-Jun-2026
145823;NIPPON INDIA OVERNIGHT FUND - DIRECT Plan - WEEKLY IDCW Option;;INF204KB1R56;100.0193;;;20-Jun-2026
145827;NIPPON INDIA OVERNIGHT FUND - MONTHLY IDCW Option;INF204KB1Q99;INF204KB1R07;100.4753;;;20-Jun-2026
145833;NIPPON INDIA OVERNIGHT FUND - QUARTERLY IDCW Option;INF204KB1R15;INF204KB1R23;100.2964;;;20-Jun-2026
145811;Nippon India Overnight Fund - Regular Plan - Growth Option;INF204KB1Q65;;145.3305;;;20-Jun-2026
145826;NIPPON INDIA OVERNIGHT FUND - WEEKLY IDCW Option;;INF204KB1Q81;100.0190;;;20-Jun-2026

NJ Mutual Fund
150369;NJ Overnight Fund - Direct Plan - Growth Option;INF0J8L01081;;1260.4733;;;20-Jun-2026
150368;NJ Overnight Fund - Regular Plan - Growth Option;INF0J8L01073;;1255.5686;;;20-Jun-2026
152116;NJ Overnight Fund - Unclaimed Redemption Plan - Upto 3 Years;;;1094.8905;;;20-Jun-2026

PGIM India Mutual Fund
147605;PGIM India Overnight Fund - Direct Plan - Daily Dividend Option;;INF663L01T35;1000.0088;;;20-Jun-2026
147606;PGIM India Overnight Fund - Direct Plan - Growth Option;INF663L01T01;;1404.1352;;;20-Jun-2026
147608;PGIM India Overnight Fund - Direct Plan - Weekly Dividend Option;INF663L01T19;INF663L01T27;1000.1278;;;20-Jun-2026
147609;PGIM India Overnight Fund - Regular Plan - Daily Dividend Option;;INF663L01T76;1000;;;20-Jun-2026
147607;PGIM India Overnight Fund - Regular Plan - Weekly Dividend Option;INF663L01T50;INF663L01T68;1007.0933;;;20-Jun-2026
147600;PGIM India Overnight Fund - Regular Plan- Growth Option;INF663L01T43;;1397.8536;;;20-Jun-2026

Samco Mutual Fund
150631;Samco Overnight Fund - Direct Plan - Growth Option;INF0K1H01040;;1243.4968;;;20-Jun-2026
150632;Samco Overnight Fund - Regular Plan - Growth Option;INF0K1H01032;;1233.6975;;;20-Jun-2026
153021;Samco Overnight Fund - Unclaimed Redemption Upto 3 years;;;1087.9086;;;20-Jun-2026

SBI Mutual Fund
119831;SBI Overnight Fund - Direct Plan - Daily Income Distribution cum Capital Withdrawal Option (IDCW);;INF200K01TJ7;1374.6983;;;20-Jun-2026
119833;SBI OVERNIGHT FUND - DIRECT PLAN - GROWTH;INF200K01TK5;;4428.9656;;;20-Jun-2026
119832;SBI Overnight Fund - Direct Plan - Weekly Income Distribution cum Capital Withdrawal Option (IDCW);INF200K01TL3;INF200K01TM1;1403.7619;;;20-Jun-2026
114297;SBI Overnight Fund - Regular Plan - Daily Income Distribution cum Capital Withdrawal Option (IDCW);;INF200K01LN6;1368.4080;;;20-Jun-2026
101206;SBI OVERNIGHT FUND - REGULAR PLAN - GROWTH;INF200K01LQ9;;4369.1514;;;20-Jun-2026
103140;SBI Overnight Fund - Regular Plan - Weekly Income Distribution cum Capital Withdrawal Option (IDCW);INF200K01LO4;INF200K01LP1;1397.2374;;;20-Jun-2026

Shriram Mutual Fund
154395;Shriram Overnight Fund- Direct Daily IDCW;;INF680P01513;1000.014;;;20-Jun-2026
154394;Shriram Overnight Fund- Direct Growth;INF680P01497;;1257.8969;;;20-Jun-2026
154396;Shriram Overnight Fund- Direct Monthly IDCW;INF680P01612;INF680P01638;1000.7198;;;20-Jun-2026
154398;Shriram Overnight Fund- Regular Daily IDCW;;INF680P01521;1000.0101;;;20-Jun-2026
154399;Shriram Overnight Fund- Regular Growth;INF680P01505;;1253.9527;;;20-Jun-2026
154402;Shriram Overnight Fund- Regular Monthly IDCW;INF680P01620;INF680P01646;1000.7512;;;20-Jun-2026

Sundaram Mutual Fund
146963;Sundaram Overnight Fund Direct Plan - Growth;INF903JA1HG5;;1446.6727;;;20-Jun-2026
146962;Sundaram Overnight Fund Direct Plan - Monthly Payout of Income Distribution cum Capital Withdrawal (IDCW);INF903JA1HH3;;1045.5754;;;20-Jun-2026
146957;Sundaram Overnight Fund Direct Plan - Monthly Reinvestment of Income Distribution cum Capital Withdrawal (IDCW);;INF903JA1HM3;1045.5754;;;20-Jun-2026
146959;Sundaram Overnight Fund Regular Plan - Growth;INF903JA1GZ7;;1436.5034;;;20-Jun-2026
146960;Sundaram Overnight Fund Regular Plan - Monthly Payout of Income Distribution cum Capital Withdrawal (IDCW);INF903JA1HA8;;1040.4356;;;20-Jun-2026
146961;Sundaram Overnight Fund Regular Plan - Monthly Reinvestment of Income Distribution cum Capital Withdrawal (IDCW);;INF903JA1HF7;1040.4356;;;20-Jun-2026

Tata Mutual Fund
146978;TATA Overnight Fund Direct Plan - Daily Reinvestment of Income Distribution cum capital withdrawal option   ;;INF277K019T3;1000.0005;;;20-Jun-2026
146979;TATA Overnight Fund Regular Plan - Daily Reinvestment of Income Distribution cum capital withdrawal option   ;;INF277K017T7;1000.0004;;;20-Jun-2026
146980;Tata Overnight Fund-Direct Plan-Growth;INF277K018T5;;1438.0909;;;20-Jun-2026
146977;Tata Overnight Fund-Regular Plan-Growth;INF277K016T9;;1426.3367;;;20-Jun-2026

Trust Mutual Fund
149796;TRUST MF OVERNIGHT FUND-DIRECT PLAN-DAILY IDCW REINVESTMENT;;INF0GCD01461;1260.2152;;;20-Jun-2026
149797;TRUST MF OVERNIGHT FUND-DIRECT PLAN-GROWTH;INF0GCD01453;;1287.8530;;;20-Jun-2026
149798;TRUST MF OVERNIGHT FUND-REGULAR PLAN-DAILY IDCW REINVESTMENT;;INF0GCD01446;1251.1065;;;20-Jun-2026
149795;TRUST MF OVERNIGHT FUND-REGULAR-GROWTH;INF0GCD01438;;1285.0044;;;20-Jun-2026

Union Mutual Fund
147002;Union Overnight Fund - Direct Plan - Daily IDCW Option;;INF582M01FB0;1000.8051;;;20-Jun-2026
147003;Union Overnight Fund - Direct Plan - Growth Option;INF582M01FA2;;1433.9254;;;20-Jun-2026
147006;Union Overnight Fund - Direct Plan - Monthly IDCW Option;INF582M01FG9;INF582M01FE4;1004.2945;;;20-Jun-2026
146998;Union Overnight Fund - Regular Plan - Daily IDCW Option;;INF582M01FK1;1001.2621;;;20-Jun-2026
146997;Union Overnight Fund - Regular Plan - Growth Option;INF582M01FJ3;;1423.7067;;;20-Jun-2026
147000;Union Overnight Fund - Regular Plan - Monthly IDCW Option;INF582M01FP0;INF582M01FN5;1004.1918;;;20-Jun-2026
149451;Union Overnight Fund - Unclaimed Amounts Plan - IDCW Beyond 3 years;;;1000.0000;;;20-Jun-2026
149452;Union Overnight Fund - Unclaimed Amounts Plan - IDCW Upto 3 years;;;1291.5770;;;20-Jun-2026
149453;Union Overnight Fund - Unclaimed Amounts Plan - Redemption Beyond 3 years;;;1000.0000;;;20-Jun-2026
149454;Union Overnight Fund - Unclaimed Amounts Plan - Redemption Upto 3 years;;;1291.5392;;;20-Jun-2026

UTI Mutual Fund
100814;UTI - Overnight  Fund - Regular Plan - Growth Option;INF789F01604;;3686.8142;;;20-Jun-2026
120785;UTI - Overnight Fund - Direct Plan - Growth Option;INF789FB1S71;;3728.6722;;;20-Jun-2026
124266;UTI Overnight Fund - Direct Plan - Daily IDCW;;INF789FB1S89;1371.6621;;;20-Jun-2026
120786;UTI Overnight Fund - Direct Plan - Periodic IDCW;INF789FB1T05;INF789FB1S97;1956.859;;;20-Jun-2026
124265;UTI Overnight Fund - Regular Plan - Daily IDCW;;INF789FB1T13;1370.8617;;;20-Jun-2026
100813;UTI Overnight Fund - Regular Plan - Periodic IDCW;INF789F01588;INF789F01596;1899.3184;;;20-Jun-2026

Zerodha Mutual Fund
153436;Zerodha Overnight Fund - Direct Plan - Growth Option;INF0R8F01075;;10.6581;;;20-Jun-2026

Open Ended Schemes ( Debt Scheme - Liquid Fund )


Abakkus Mutual Fund
154049;Abakkus Liquid Fund - Direct Plan - Daily IDCW Reinvestment;;INF2JJD01011;100.0766;;;20-Jun-2026
154051;Abakkus Liquid Fund - Direct Plan - Growth;INF2JJD01029;;103.0257;;;20-Jun-2026
154055;Abakkus Liquid Fund - Direct Plan - Monthly IDCW Reinvestment;;INF2JJD01037;100.1521;;;20-Jun-2026
154052;Abakkus Liquid Fund - Direct Plan - Quarterly IDCW Reinvestment;;INF2JJD01052;101.3260;;;20-Jun-2026
154050;Abakkus Liquid Fund - Direct Plan - Weekly IDCW Reinvestment;;INF2JJD01045;100.1570;;;20-Jun-2026
154053;Abakkus Liquid Fund - Regular Plan - Daily IDCW Reinvestment;;INF2JJD01060;100.0763;;;20-Jun-2026
154047;Abakkus Liquid Fund - Regular Plan - Growth;INF2JJD01078;;102.9820;;;20-Jun-2026
154048;Abakkus Liquid Fund - Regular Plan - Monthly IDCW Reinvestment;;INF2JJD01086;100.1513;;;20-Jun-2026
154054;Abakkus Liquid Fund - Regular Plan - Quarterly IDCW Reinvestment;;INF2JJD01102;101.2842;;;20-Jun-2026
154056;Abakkus Liquid Fund - Regular Plan - Weekly IDCW Reinvestment;;INF2JJD01094;100.1528;;;20-Jun-2026

Aditya Birla Sun Life Mutual Fund
100047;Aditya Birla Sun Life Liquid Fund - Growth;INF209K01RU9;;446.3242;;;20-Jun-2026
119568;Aditya Birla Sun Life Liquid Fund - Growth - Direct Plan;INF209K01VA3;;452.2972;;;20-Jun-2026
100046;Aditya Birla Sun Life Liquid Fund -Daily IDCW;INF209K01KQ2;INF209K01SQ5;100.2124;;;20-Jun-2026
119569;Aditya Birla Sun Life Liquid Fund -Direct - daily IDCW;INF209K01UZ2;;100.2128;;;20-Jun-2026
119571;Aditya Birla Sun Life Liquid Fund -DIRECT - IDCW;INF209K01VD7;;144.7082;;;20-Jun-2026
119570;Aditya Birla Sun Life Liquid Fund -Direct - weekly IDCW;INF209K01VC9;;100.2427;;;20-Jun-2026
103885;Aditya Birla Sun Life Liquid Fund -Regular - IDCW;INF209KA1LI1;;110.0709;;;20-Jun-2026
100051;Aditya Birla Sun Life Liquid Fund -weekly IDCW;INF209K01KU4;INF209KA1LJ9;100.2424;;;20-Jun-2026

Axis Mutual Fund
120388;Axis Liquid Fund - Direct Plan - Daily IDCW;;INF846K01DA0;1000.9560;;;20-Jun-2026
120389;Axis Liquid Fund - Direct Plan - Growth Option;INF846K01CX4;;3114.7675;;;20-Jun-2026
120391;Axis Liquid Fund - Direct Plan - Monthly IDCW;INF846K01CY2;INF846K01CZ9;1006.3333;;;20-Jun-2026
120390;Axis Liquid Fund - Direct Plan - Weekly IDCW;INF846K01DB8;INF846K01DC6;1003.1415;;;20-Jun-2026
112211;Axis Liquid Fund - Regular Plan - Daily IDCW;;INF846K01420;1001.3998;;;20-Jun-2026
112210;Axis Liquid Fund - Regular Plan - Growth Option;INF846K01412;;3085.4502;;;20-Jun-2026
112213;Axis Liquid Fund - Regular Plan - Monthly IDCW;INF846K01453;INF846K01461;1006.8593;;;20-Jun-2026
112212;Axis Liquid Fund - Regular Plan - Weekly IDCW;INF846K01438;INF846K01446;1003.1284;;;20-Jun-2026
112712;Axis Liquid Fund - Retail Plan - Daily IDCW;;INF846K01362;1000.9559;;;20-Jun-2026
112713;Axis Liquid Fund - Retail Plan - Growth Option;INF846K01354;;2811.8566;;;20-Jun-2026
112714;Axis Liquid Fund - Retail Plan - Monthly IDCW;INF846K01396;INF846K01404;1005.9337;;;20-Jun-2026
112715;Axis Liquid Fund - Retail Plan - Weekly IDCW;INF846K01370;INF846K01388;1001.9608;;;20-Jun-2026

Bajaj Finserv Mutual Fund
151835;Bajaj Finserv Liquid Fund - Direct Plan - Daily - IDCW;;INF0QA701029;1034.6939;;;20-Jun-2026
151838;Bajaj Finserv Liquid Fund - Direct Plan - Fortnightly - IDCW;INF0QA701078;INF0QA701045;1035.7915;;;20-Jun-2026
151833;Bajaj Finserv Liquid Fund - Direct Plan - Growth;INF0QA701011;;1221.7170;;;20-Jun-2026
151836;Bajaj Finserv Liquid Fund - Direct Plan - Monthly - IDCW;INF0QA701086;INF0QA701052;1035.7975;;;20-Jun-2026
151834;Bajaj Finserv Liquid Fund - Direct Plan - Weekly - IDCW;INF0QA701060;INF0QA701037;1035.7984;;;20-Jun-2026
151839;Bajaj Finserv Liquid Fund - Regular Plan - Daily - IDCW;;INF0QA701136;1033.8241;;;20-Jun-2026
151841;Bajaj Finserv Liquid Fund - Regular Plan - Fortnightly - IDCW;INF0QA701151;INF0QA701110;1034.9021;;;20-Jun-2026
151837;Bajaj Finserv Liquid Fund - Regular Plan - Growth;INF0QA701094;;1215.3842;;;20-Jun-2026
151842;Bajaj Finserv Liquid Fund - Regular Plan - Monthly - IDCW;INF0QA701169;INF0QA701128;1034.8988;;;20-Jun-2026
151840;Bajaj Finserv Liquid Fund - Regular Plan - Weekly - IDCW;INF0QA701144;INF0QA701102;1034.9029;;;20-Jun-2026

Bandhan Mutual Fund
108692;BANDHAN LIQUID Fund - Regular Plan - Daily IDCW;INF194K01VZ4;INF194K01VY7;1001.5800;;;20-Jun-2026
108690;BANDHAN LIQUID Fund - Regular Plan - Growth;INF194K01VX9;;3343.1289;;;20-Jun-2026
108693;BANDHAN LIQUID Fund - Regular Plan - Monthly IDCW;INF194K01WF4;INF194K01WE7;1005.8932;;;20-Jun-2026
115489;BANDHAN LIQUID Fund - Regular Plan - Periodic IDCW;INF194K01WC1;INF194K01WB3;1443.3594;;;20-Jun-2026
108691;BANDHAN LIQUID Fund - Regular Plan - Weekly IDCW;INF194K01WI8;INF194K01WH0;1001.5417;;;20-Jun-2026
139582;BANDHAN LIQUID Fund - Unclaimed IDCW Less than 3 years;INF194KA14C0;;1.8004;;;20-Jun-2026
139583;BANDHAN LIQUID Fund - Unclaimed IDCW More than 3 years;INF194KA15C7;;1.0000;;;20-Jun-2026
139584;BANDHAN LIQUID Fund - Unclaimed Redemption Less than 3 years;INF194KA12C4;;1.8004;;;20-Jun-2026
139585;BANDHAN LIQUID Fund - Unclaimed Redemption More than 3 years;INF194KA13C2;;1.0000;;;20-Jun-2026
118365;BANDHAN LIQUID Fund -Direct Plan -Monthly IDCW;INF194K01J36;INF194K01J28;1012.2537;;;20-Jun-2026
118367;BANDHAN LIQUID Fund -Direct Plan -Weekly IDCW;INF194KB1JT8;INF194K01J51;1007.2819;;;20-Jun-2026
118366;BANDHAN LIQUID Fund -Direct Plan-Daily IDCW;;INF194K01I78;1001.8344;;;20-Jun-2026
118364;BANDHAN LIQUID Fund -Direct Plan-Growth;INF194K01I60;;3380.3833;;;20-Jun-2026
118363;BANDHAN LIQUID Fund -Direct Plan-Periodic IDCW;INF194K01J02;INF194K01I94;1361.8361;;;20-Jun-2026

Bank of India Mutual Fund
119368;BANK OF INDIA Liquid Fund- Direct Plan- Daily IDCW;;INF761K01CL0;1005.0000;;;20-Jun-2026
119369;BANK OF INDIA Liquid Fund- Direct Plan- Growth;INF761K01785;;3223.7672;;;20-Jun-2026
119370;BANK OF INDIA Liquid Fund- Direct Plan- Weekly IDCW;;INF761K01CM8;1006.0564;;;20-Jun-2026
111971;BANK OF INDIA Liquid Fund- Regular Plan- Daily IDCW;;INF761K01CO4;1005.0000;;;20-Jun-2026
109254;BANK OF INDIA Liquid Fund- Regular Plan- Growth;INF761K01306;;3190.7675;;;20-Jun-2026
109255;BANK OF INDIA Liquid Fund- Regular Plan- Weekly IDCW;;INF761K01CP1;1006.0483;;;20-Jun-2026

Baroda BNP Paribas Mutual Fund
119414;Baroda BNP Paribas LIQUID FUND - DIRECT PLAN - DAILY IDCW OPTION;INF955L01AK2;;1002.0849;;;20-Jun-2026
119415;Baroda BNP Paribas LIQUID FUND - DIRECT PLAN - GROWTH OPTION;INF955L01AL0;;3226.0422;;;20-Jun-2026
119416;Baroda BNP Paribas LIQUID FUND - DIRECT PLAN - WEEKLY IDCW OPTION;INF251K01SL8;;1221.1718;;;20-Jun-2026
111707;Baroda BNP Paribas LIQUID FUND - Regular Plan - DAILY IDCW OPTION;INF955L01468;INF955L01476;1001.1996;;;20-Jun-2026
111704;Baroda BNP Paribas LIQUID FUND - Regular Plan - GROWTH OPTION;INF955L01484;;3182.2942;;;20-Jun-2026
111705;Baroda BNP Paribas LIQUID FUND - Regular Plan - WEEKLY IDCW OPTION;INF251K01SK0;INF955L01500;1001.4448;;;20-Jun-2026
101408;Baroda BNP Paribas LIQUID FUND- Defunct Plan -Growth Option;INF955L01575;;4685.0789;;;20-Jun-2026
101407;Baroda BNP Paribas LIQUID FUND-Defunct Plan- IDCW Option;INF955L01559;INF955L01567;3865.6028;;;20-Jun-2026

Canara Robeco Mutual Fund
118307;CANARA ROBECO LIQUID FUND - DIRECT PLAN - DAILY IDCW (Reinvestment);;INF760K01FS0;1005.5000;;;20-Jun-2026
118305;CANARA ROBECO LIQUID FUND - DIRECT PLAN - GROWTH OPTION;INF760K01FU6;;3354.8779;;;20-Jun-2026
118304;CANARA ROBECO LIQUID FUND - DIRECT PLAN - IDCW (Payout/Reinvestment);INF760K01FT8;;2400.8426;;;20-Jun-2026
118306;CANARA ROBECO LIQUID FUND - DIRECT PLAN - MONTHLY IDCW (Payout/Reinvestment);INF760K01FV4;INF760K01FW2;1005.1798;;;20-Jun-2026
118308;CANARA ROBECO LIQUID FUND - DIRECT PLAN - WEEKLY IDCW (Payout/Reinvestment);INF760K01FY8;INF760K01FX0;1001.2629;;;20-Jun-2026
109349;CANARA ROBECO LIQUID FUND - REGULAR PLAN - DAILY IDCW (Reinvestment);;INF760K01CU3;1005.5000;;;20-Jun-2026
109353;CANARA ROBECO LIQUID FUND - REGULAR PLAN - GROWTH OPTION;INF760K01CW9;;3333.1560;;;20-Jun-2026
109351;CANARA ROBECO LIQUID FUND - REGULAR PLAN - MONTHLY IDCW (Payout/Reinvestment);INF760K01CX7;INF760K01CY5;1004.9592;;;20-Jun-2026
109350;CANARA ROBECO LIQUID FUND - REGULAR PLAN - WEEKLY IDCW (Payout/Reinvestment);INF760K01BZ4;INF760K01CZ2;1001.2581;;;20-Jun-2026
139235;Canara Robeco Liquid Fund -Unclaimed Redemption and Dividend Plan -Direct Growth Option;INF760K01IC8;;1830.8695;;;20-Jun-2026

Capitalmind Mutual Fund
154011;Capitalmind Liquid Fund - Direct-Growth;INF226401034;;1037.8368;;;20-Jun-2026
154010;Capitalmind Liquid Fund - Regular-Growth;INF226401042;;1036.6717;;;20-Jun-2026

DSP Mutual Fund
119125;DSP Liquidity Fund - Direct Plan - Growth;INF740K01QL4;;4004.0101;;;20-Jun-2026
119124;DSP Liquidity Fund - Direct Plan - IDCW - Daily;;INF740KA1OB6;1001.6367;;;20-Jun-2026
119123;DSP Liquidity Fund - Direct Plan - IDCW - Weekly;INF740KA1OC4;INF740KA1OD2;1001.7833;;;20-Jun-2026
103347;DSP Liquidity Fund - Regular Plan - Growth;INF740K01FK9;;3955.0524;;;20-Jun-2026
103348;DSP Liquidity Fund - Regular Plan - IDCW - Weekly;INF740K01FM5;INF740K01FL7;1001.7783;;;20-Jun-2026
103349;DSP Liquidity Fund- Regular Plan - IDCW - Daily;;INF740KA1OE0;1001.6339;;;20-Jun-2026

Edelweiss Mutual Fund
140194;Edelweiss Liquid Fund - Direct Plan - Bonus Option;INF754K01GY9;;2105.3798;;;20-Jun-2026
140196;Edelweiss Liquid Fund - Direct Plan - Growth Option;INF754K01GM4;;3618.8529;;;20-Jun-2026
140198;Edelweiss Liquid Fund - Direct Plan - IDCW Option;INF754K01GO0;INF754K01GN2;3618.8663;;;20-Jun-2026
140192;Edelweiss Liquid Fund - Direct Plan Annual - IDCW Option;INF754K01GX1;INF754K01GT9;3618.8272;;;20-Jun-2026
140193;Edelweiss Liquid Fund - Direct Plan daily - IDCW Option;;INF754K01GP7;1194.4512;;;20-Jun-2026
140199;Edelweiss Liquid Fund - Direct Plan Fortnightly - IDCW Option;INF754K01GV5;INF754K01GR3;2476.4349;;;20-Jun-2026
140197;Edelweiss Liquid Fund - Direct Plan Monthly - IDCW Option;INF754K01GW3;INF754K01GS1;1009.8283;;;20-Jun-2026
140195;Edelweiss Liquid Fund - Direct Plan weekly - IDCW Option;INF754K01GU7;INF754K01GQ5;2174.4806;;;20-Jun-2026
140189;Edelweiss Liquid Fund - Regular Plan - Bonus Option;INF754K01HR1;;2064.0521;;;20-Jun-2026
140182;Edelweiss Liquid Fund - Regular Plan - Growth Option;INF754K01GZ6;;3543.2134;;;20-Jun-2026
140190;Edelweiss Liquid Fund - Regular Plan - IDCW Option;INF754K01GK8;INF754K01GL6;3543.2166;;;20-Jun-2026
140188;Edelweiss Liquid Fund - Regular Plan Annual - IDCW Option;INF754K01HQ3;INF754K01HP5;2451.5984;;;20-Jun-2026
140181;Edelweiss Liquid Fund - Regular Plan Daily - IDCW Option;;INF754K01HA7;1311.9501;;;20-Jun-2026
140184;Edelweiss Liquid Fund - Regular Plan Fortnightly - IDCW Option;INF754K01HK6;INF754K01HC3;2155.662;;;20-Jun-2026
140183;Edelweiss Liquid Fund - Regular Plan Monthly - IDCW Option;INF754K01HL4;INF754K01HD1;1088.3586;;;20-Jun-2026
140185;Edelweiss Liquid Fund - Regular Plan Weekly - IDCW Option;INF754K01HJ8;INF754K01HB5;1215.9922;;;20-Jun-2026
140176;Edelweiss Liquid Fund - Retail Plan - Growth Option;INF754K01HE9;;3222.2642;;;20-Jun-2026
140178;Edelweiss Liquid Fund - Retail Plan - Weekly Dividend Option;;INF754K01HG4;1231.7632;;;20-Jun-2026
140177;Edelweiss Liquid Fund - Retail Plan Daily - IDCW Option;;INF754K01HF6;1154.7077;;;20-Jun-2026
140180;Edelweiss Liquid Fund - Retail Plan Monthly - IDCW Option;;INF754K01HI0;1250.4016;;;20-Jun-2026

Franklin Templeton Mutual Fund
100538;Franklin India Liquid Fund - Regular Plan - Growth;INF090I01BB1;;6233.0370;;;20-Jun-2026
118577;Franklin India Liquid Fund - Super Institutional - Direct - Growth;INF090I01JV2;;4207.9802;;;20-Jun-2026
100546;Franklin India Liquid Fund - Super Institutional Plan - Growth;INF090I01BG0;;4170.8799;;;20-Jun-2026

Groww Mutual Fund
119135;Groww Liquid Fund ( formerly known as Indiabulls Liquid )Fund - Direct Plan - Growth Option;INF666M01451;;2713.6214;;;20-Jun-2026
119136;Groww Liquid Fund (formerly known as Indiabulls Liquid Fund) - Direct Plan- - Income Distribution cum capital withdrawal Option ( Reinvestment);;INF666M01469;1002.2584;;;20-Jun-2026
115991;Groww Liquid Fund (formerly known as Indiabulls Liquid Fund) - Regular Plan - Growth Option;INF666M01014;;2678.2135;;;20-Jun-2026
119138;Groww Liquid Fund (formerly known as Indiabulls Liquid Fund)- Direct Plan- Fortnightly - Income Distribution cum capital withdrawal Option (Payout & Reinvestment);INF666M01501;INF666M01485;1003.9304;;;20-Jun-2026
119139;Groww Liquid Fund (formerly known as Indiabulls Liquid Fund)- Direct Plan- Monthly - Income Distribution cum capital withdrawal Option (Payout & Reinvestment);INF666M01519;INF666M01493;1033.4879;;;20-Jun-2026
119137;Groww Liquid Fund (formerly known as Indiabulls Liquid Fund)- Direct Plan- Weekly - Income Distribution cum capital withdrawal Option (Payout & Reinvestment);INF666M01527;INF666M01477;1002.8236;;;20-Jun-2026
115992;Groww Liquid Fund (formerly known as Indiabulls Liquid Fund)- Regular Plan- - Income Distribution cum capital withdrawal Option (Reinvestment);;INF666M01022;1002.2554;;;20-Jun-2026
115995;Groww Liquid Fund (formerly known as Indiabulls Liquid Fund)- Regular Plan- Monthly - Income Distribution cum capital withdrawal Option (Payout & Reinvestment);INF666M01071;INF666M01055;1005.672;;;20-Jun-2026
115993;Groww Liquid Fund (formerly known as Indiabulls Liquid Fund)- Regular Plan- Weekly - Income Distribution cum capital withdrawal Option (Payout & Reinvestment);INF666M01089;INF666M01030;1002.811;;;20-Jun-2026
115994;Groww Liquid Fund (formerly known as Indiabulls Liquid) Fund- Regular Plan- Fortnightly - Income Distribution cum capital withdrawal Option (Payout & Reinvestment);INF666M01063;INF666M01048;1003.9095;;;20-Jun-2026

HDFC Mutual Fund
119091;HDFC Liquid Fund - Growth Option - Direct Plan;INF179KB1HP9;;5496.7969;;;20-Jun-2026
100868;HDFC Liquid Fund - Growth Plan;INF179KB1HK0;;5433.2586;;;20-Jun-2026

HSBC Mutual Fund
120038;HSBC Liquid Fund -  Growth Direct;INF336L01CC8;;2789.0787;;;20-Jun-2026
120037;HSBC Liquid Fund - Direct Daily IDCW;;INF336L01CB0;1001.7436;;;20-Jun-2026
120039;HSBC Liquid Fund - Direct Monthly IDCW;INF336L01BZ1;INF336L01CA2;1043.6856;;;20-Jun-2026
120040;HSBC Liquid Fund - Direct Weekly IDCW;INF336L01LK2;INF336L01CD6;1195.9089;;;20-Jun-2026
118907;HSBC Liquid Fund - Growth;INF336L01BL1;;3983.3709;;;20-Jun-2026
118906;HSBC Liquid Fund - IDCW;;INF336L01BK3;1019.468;;;20-Jun-2026
118909;HSBC Liquid Fund - Institutional Daily IDCW;;INF336L01BS6;1563.0839;;;20-Jun-2026
118901;HSBC Liquid Fund - Regular Daily IDCW;;INF336L01BM9;1001.5439;;;20-Jun-2026
118902;HSBC Liquid Fund - Regular Growth;INF336L01BN7;;2760.8533;;;20-Jun-2026
118903;HSBC Liquid Fund - Regular Monthly IDCW;INF336L01BP2;INF336L01BO5;1007.8343;;;20-Jun-2026
118904;HSBC Liquid Fund - Regular Weekly IDCW;INF336L01LJ4;INF336L01BQ0;1108.1535;;;20-Jun-2026
118908;HSBC Liquid Fund - Weekly IDCW;;INF336L01BR8;1001.9262;;;20-Jun-2026

ICICI Prudential Mutual Fund
120197;ICICI Prudential Liquid Fund - Direct Plan - Growth;INF109K01Q49;;414.2165;;;20-Jun-2026
103340;ICICI Prudential Liquid Fund - Growth;INF109K01VQ1;;409.8244;;;20-Jun-2026

Invesco Mutual Fund
104484;Invesco India Liquid Fund - Daily IDCW (Reinvestment);;INF205K01HN3;1002.7594;;;20-Jun-2026
120537;Invesco India Liquid Fund - Direct Plan - Growth;INF205K01MF9;;3841.8066;;;20-Jun-2026
120536;Invesco India Liquid Fund - Direct Plan - Monthly IDCW (Payout / Reinvestment);INF205K01MG7;INF205K01MH5;1087.7802;;;20-Jun-2026
120535;Invesco India Liquid Fund - Direct Plan - Weekly IDCW (Reinvestment);INF205KA1BE5;INF205K01MI3;1073.5381;;;20-Jun-2026
120534;Invesco India Liquid Fund - Direct Plan- Daily IDCW (Reinvestment);;INF205K01ME2;1005.8604;;;20-Jun-2026
104486;Invesco India Liquid Fund - Growth;INF205K01HM5;;3806.9724;;;20-Jun-2026
104492;Invesco India Liquid Fund - Monthly IDCW (Payout / Reinvestment);INF205K01HQ6;INF205K01HP8;1008.1635;;;20-Jun-2026
104488;Invesco India Liquid Fund - Regular - Growth;INF205K01HG7;;3354.4433;;;20-Jun-2026
104489;Invesco India Liquid Fund - Regular - Weekly IDCW (Reinvestment);;INF205K01HH5;1005.1028;;;20-Jun-2026
139390;Invesco India Liquid Fund - Unclaimed Dividend Plan - Above 3 Years;;;1000;;;20-Jun-2026
139389;Invesco India Liquid Fund - Unclaimed Dividend Plan - Below 3 Years;;;1820.9403;;;20-Jun-2026
139388;Invesco India Liquid Fund - Unclaimed Redemption Plan - Above 3 Years;;;1000;;;20-Jun-2026
139387;Invesco India Liquid Fund - Unclaimed Redemption Plan - Below 3 years;;;1820.5344;;;20-Jun-2026
104485;Invesco India Liquid Fund - Weekly IDCW (Reinvestment);INF205KA1BD7;INF205K01HO1;1019.6704;;;20-Jun-2026

ITI Mutual Fund
147161;ITI Liquid Fund - Direct Plan - Annually IDCW Option;INF00XX01366;INF00XX01333;1455.4705;;;20-Jun-2026
147158;ITI Liquid Fund - Direct Plan - Daily IDCW Option;;INF00XX01291;1001.0019;;;20-Jun-2026
147160;ITI Liquid Fund - Direct Plan - Fortnightly IDCW Option;INF00XX01341;INF00XX01317;1002.7369;;;20-Jun-2026
147157;ITI Liquid Fund - Direct Plan - Growth Option;INF00XX01283;;1453.5413;;;20-Jun-2026
147163;ITI Liquid Fund - Direct Plan - Monthly IDCW Option;INF00XX01358;INF00XX01325;1005.3459;;;20-Jun-2026
147159;ITI Liquid Fund - Direct Plan - Weekly IDCW Option;;INF00XX01309;1001.6212;;;20-Jun-2026
147162;ITI Liquid Fund - Regular Plan - Annually IDCW Option;INF00XX01275;INF00XX01242;1448.3333;;;20-Jun-2026
147154;ITI Liquid Fund - Regular Plan - Daily IDCW Option;;INF00XX01200;1001.0001;;;20-Jun-2026
147153;ITI Liquid Fund - Regular Plan - Growth Option;INF00XX01192;;1439.2818;;;20-Jun-2026
147156;ITI Liquid Fund - Regular Plan - Monthly IDCW Option;INF00XX01267;INF00XX01234;1001.1538;;;20-Jun-2026
147164;ITI Liquid Fund - Regular Plan - Weekly IDCW Option;;INF00XX01218;1001.7221;;;20-Jun-2026

Jio BlackRock Mutual Fund
153651;JioBlackRock Liquid Fund - Direct Plan - Growth Option;INF22M001010;;1061.4247;;;20-Jun-2026

JM Financial Mutual Fund
120411;JM Liquid Fund (Direct) - Daily IDCW;;INF192K01CH6;10.4302;;;20-Jun-2026
120406;JM Liquid Fund (Direct) - Growth Option;INF192K01CM6;;76.3647;;;20-Jun-2026
120408;JM Liquid Fund (Direct) - Quarterly IDCW;INF192K01CK0;INF192K01CL8;43.3553;;;20-Jun-2026
120407;JM Liquid Fund (Direct) - Weekly IDCW;INF192K01CI4;INF192K01CJ2;11.0133;;;20-Jun-2026
100244;JM Liquid Fund (Regular) - Quarterly IDCW;INF192K01866;INF192K01874;42.724;;;20-Jun-2026
100247;JM Liquid Fund (Regular) - Super Institutional Plan - Growth Option;INF192K01981;;43.4002;;;20-Jun-2026
100233;JM Liquid Fund (Regular) - Weekly IDCW;INF192K01841;INF192K01858;11.0107;;;20-Jun-2026
100234;JM Liquid Fund - Growth Option;INF192K01882;;75.4828;;;20-Jun-2026
148414;JM Liquid Fund - Unclaimed Application Refund Amount I.E.F. (Direct) - Growth Plan;;;41.4437;;;20-Jun-2026
148413;JM Liquid Fund - Unclaimed Brokerage I.E.F. (Direct) - Growth Plan;;;41.4437;;;20-Jun-2026
101549;JM Liquid Fund (Regular) - Bonus Option - Principal Units;INF192K01890;;24.1699;;;20-Jun-2026
101078;JM Liquid Fund (Regular) - Daily IDCW;;INF192K01833;10.4302;;;20-Jun-2026

Kotak Mahindra Mutual Fund
119764;Kotak Liquid Fund - Direct Plan - Daily Reinvestment of Income Distribution cum capital withdrawal option;;INF174K01NH1;1223.0174;;;20-Jun-2026
119766;Kotak Liquid Fund - Direct Plan - Growth;INF174K01NE8;;5655.2341;;;20-Jun-2026
153585;Kotak Liquid Fund - Direct Plan - Weekly - Reinvestment & Payout of Income Distribution cum capital withdrawal option;INF174KA1WL3;INF174KA1WJ7;1003.0983;;;20-Jun-2026
100833;Kotak Liquid Fund - Regular  - Daily Reinvestment of Income Distribution cum capital withdrawal option;;INF174K01NL3;1266.9304;;;20-Jun-2026
100835;Kotak Liquid Fund - Regular Plan - Growth;INF174K01NI9;;5595.7589;;;20-Jun-2026
153586;Kotak Liquid Fund - Regular Plan - Weekly - Reinvestment & Payout of Income Distribution cum capital withdrawal option;INF174KA1WK5;INF174KA1WM1;1039.5503;;;20-Jun-2026

LIC Mutual Fund
120248;LIC MF Liquid Fund-Direct Plan-Daily IDCW;INF767K01DL5;INF767K01DM3;1035.2975;;;20-Jun-2026
120249;LIC MF Liquid Fund-Direct Plan-Growth;INF767K01DN1;;5081.5945;;;20-Jun-2026
151930;LIC MF Liquid Fund-Direct Plan-Monthly IDCW;INF397L01AK7;INF397L01AJ9;1233.5336;;;20-Jun-2026
151932;LIC MF Liquid Fund-Direct Plan-Weekly IDCW;INF397L01AM3;INF397L01AL5;1101.8051;;;20-Jun-2026
101184;LIC MF Liquid Fund-Regular Plan-Daily IDCW;INF767K01IQ3;INF767K01IR1;1000.1751;;;20-Jun-2026
101185;LIC MF Liquid Fund-Regular Plan-Growth;INF767K01IS9;;5005.2416;;;20-Jun-2026
151928;LIC MF Liquid Fund-Regular Plan-Monthly IDCW;INF397L01976;INF397L01968;1212.5791;;;20-Jun-2026
151927;LIC MF Liquid Fund-Regular Plan-Weekly IDCW;INF397L01950;INF397L01943;1002.8771;;;20-Jun-2026

Mahindra Manulife Mutual Fund
139535;Mahindra Manulife Liquid Fund - Direct Plan - Daily IDCW;;INF174V01051;1280.0733;;;20-Jun-2026
139536;Mahindra Manulife Liquid Fund - Direct Plan - Weekly IDCW;;INF174V01069;1003.3289;;;20-Jun-2026
139538;Mahindra Manulife Liquid Fund - Direct Plan -Growth;INF174V01044;;1823.1664;;;20-Jun-2026
139534;Mahindra Manulife Liquid Fund - Regular Plan - Daily IDCW;;INF174V01028;1001.7781;;;20-Jun-2026
139537;Mahindra Manulife Liquid Fund - Regular Plan - Growth;INF174V01010;;1801.8905;;;20-Jun-2026
139541;Mahindra Manulife Liquid Fund - Regular Plan - Weekly IDCW;;INF174V01036;1009.7422;;;20-Jun-2026

Mirae Asset Mutual Fund
118859;Mirae Asset Liquid Fund - Direct Plan - Growth;INF769K01CM1;;2955.3079;;;20-Jun-2026
118862;Mirae Asset Liquid Fund - Direct Plan - Weekly IDCW;INF769K01PD2;INF769K01CP4;1216.8731;;;20-Jun-2026
118861;Mirae Asset Liquid Fund - Direct Plan -Daily IDCW;;INF769K01CO7;1075.8332;;;20-Jun-2026
118860;Mirae Asset Liquid Fund - Direct Plan -Monthly IDCW;INF769K01CN9;INF769K01CQ2;1140.7766;;;20-Jun-2026
111647;Mirae Asset Liquid Fund - Regular - Daily IDCW;;INF769K01804;1066.4347;;;20-Jun-2026
111646;Mirae Asset Liquid Fund - Regular Plan - Growth;INF769K01788;;2902.1547;;;20-Jun-2026
111645;Mirae Asset Liquid Fund - Regular Plan - Monthly IDCW;INF769K01838;INF769K01820;1158.4414;;;20-Jun-2026
111644;Mirae Asset Liquid Fund - Regular Plan - Weekly IDCW;INF769K01PC4;INF769K01812;1153.1692;;;20-Jun-2026

Navi Mutual Fund
119163;Navi Liquid Fund - Direct Plan Daily IDCW - ReInvestment;;INF959L01GK1;10.0145;;;20-Jun-2026
119161;Navi Liquid Fund - Direct Plan Monthly IDCW - Payout;INF959L01GG9;INF959L01GH7;10.0538;;;20-Jun-2026
119162;Navi Liquid Fund - Direct Plan Weekly IDCW - Payout;INF959L01GI5;INF959L01GJ3;10.0131;;;20-Jun-2026
112645;Navi Liquid Fund - Regular Plan Daily IDCW;;INF959L01GM7;10.0245;;;20-Jun-2026
112647;Navi Liquid Fund - Regular Plan Monthly IDCW;INF959L01GN5;INF959L01GO3;10.0533;;;20-Jun-2026
112646;Navi Liquid Fund - Regular Plan Weekly IDCW;INF959L01GP0;INF959L01GQ8;10.0134;;;20-Jun-2026
119164;Navi Liquid Fund-Direct Plan-Growth Option;INF959L01GF1;;30.2435;;;20-Jun-2026
112636;Navi Liquid Fund-Regular Plan-Growth Option;INF959L01GL9;;29.9616;;;20-Jun-2026
140437;Navi Liquid Fund-Unclaimed Redemption and Dividend Plan greater than 3 years;INF959L01CO2;;10.0016;;;20-Jun-2026
139386;Navi Liquid Fund-Unclaimed Redemption and Dividend Plan less than 3 years;INF959L01CN4;;30.1413;;;20-Jun-2026

Nippon India Mutual Fund
100852;NIPPON INDIA LIQUID FUND - DAILY IDCW OPTION;;INF204K01UM1;1528.9955;;;20-Jun-2026
118695;NIPPON INDIA LIQUID FUND - DIRECT Plan - DAILY IDCW OPTION;;INF204K01ZG2;1529.0006;;;20-Jun-2026
118696;NIPPON INDIA LIQUID FUND - DIRECT Plan - MONTHLY IDCW OPTION;INF204K01ZI8;INF204K01ZJ6;1596.1837;;;20-Jun-2026
118698;NIPPON INDIA LIQUID FUND - DIRECT Plan - QUARTERLY IDCW OPTION;INF204K01ZK4;INF204K01ZL2;1004.1653;;;20-Jun-2026
118700;NIPPON INDIA LIQUID FUND - DIRECT Plan - WEEKLY IDCW OPTION;INF204KC1FN6;INF204K01ZM0;1531.1389;;;20-Jun-2026
118701;Nippon India Liquid Fund - Direct Plan Growth Plan - Growth Option;INF204K01ZH0;;6853.6677;;;20-Jun-2026
100855;NIPPON INDIA LIQUID FUND - MONTHLY IDCW OPTION;INF204K01UO7;INF204K01UP4;1592.7092;;;20-Jun-2026
112340;NIPPON INDIA LIQUID FUND - QUARTERLY IDCW OPTION;INF204K01UQ2;INF204K01UR0;1003.8607;;;20-Jun-2026
100837;Nippon India Liquid Fund - Retail Option - Growth Plan;INF204K01UL3;;5988.5405;;;20-Jun-2026
100842;NIPPON INDIA LIQUID FUND - RETAIL Plan - DAILY IDCW OPTION;;INF204K01UJ7;1524.5303;;;20-Jun-2026
100843;NIPPON INDIA LIQUID FUND - RETAIL plan - MONTHLY IDCW OPTION;INF204K01UT6;INF204K01UU4;1333.8094;;;20-Jun-2026
100844;NIPPON INDIA LIQUID FUND - RETAIL Plan - QUARTERLY IDCW OPTION;INF204K01UV2;INF204K01UW0;1213.2654;;;20-Jun-2026
100838;NIPPON INDIA LIQUID FUND - RETAIL Plan - WEEKLY IDCW OPTION;;INF204K01UK5;1034.7060;;;20-Jun-2026
100853;NIPPON INDIA LIQUID FUND - WEEKLY IDCW OPTION;INF204KC1FM8;INF204K01US8;1531.1233;;;20-Jun-2026
100851;Nippon India Liquid Fund -Growth Plan;INF204K01UN9;;6758.2385;;;20-Jun-2026

PGIM India Mutual Fund
138285;PGIM India Liquid Fund - Daily Dividend;;INF223J01BO9;100.304;;;20-Jun-2026
138297;PGIM India Liquid Fund - Direct Plan - Daily Dividend;INF223J01NR7;;130.1894;;;20-Jun-2026
138299;PGIM India Liquid Fund - Direct Plan - Growth;INF223J01NS5;;365.3027;;;20-Jun-2026
138298;PGIM India Liquid Fund - Direct Plan - Monthly Dividend;INF223J01NT3;INF223J01NU1;116.605;;;20-Jun-2026
138301;PGIM India Liquid Fund - Direct Plan - Weekly Dividend;INF223J01NV9;INF223J01NW7;100.5216;;;20-Jun-2026
138288;PGIM India Liquid Fund - Growth;INF223J01BP6;;360.6115;;;20-Jun-2026
138287;PGIM India Liquid Fund - Monthly Dividend;INF223J01BL5;;117.0385;;;20-Jun-2026
138289;PGIM India Liquid Fund - Weekly Dividend;INF223J01BU6;;100.5214;;;20-Jun-2026

PPFAS Mutual Fund
143263;Parag Parikh Liquid Fund- Direct Plan- Daily Reinvestment of IDCW;;INF879O01118;1000.6473;;;20-Jun-2026
143269;Parag Parikh Liquid Fund- Direct Plan- Growth;INF879O01068;;1547.8073;;;20-Jun-2026
143262;Parag Parikh Liquid Fund- Direct Plan- Monthly IDCW;INF879O01076;INF879O01084;1008.3346;;;20-Jun-2026
143265;Parag Parikh Liquid Fund- Direct Plan- Weekly Reinvestment of IDCW;;INF879O01134;1002.0053;;;20-Jun-2026
143264;Parag Parikh Liquid Fund- Regular Plan- Daily Reinvestment of IDCW;;INF879O01126;1000.6101;;;20-Jun-2026
143260;Parag Parikh Liquid Fund- Regular Plan- Growth;INF879O01035;;1535.2138;;;20-Jun-2026
143261;Parag Parikh Liquid Fund- Regular Plan- Monthly IDCW;INF879O01043;INF879O01050;1008.2698;;;20-Jun-2026
143266;Parag Parikh Liquid Fund- Regular Plan- Weekly Reinvestment of IDCW;;INF879O01142;1001.9920;;;20-Jun-2026

Quantum Mutual Fund
103736;Quantum Liquid Fund - Direct Plan Daily IDCW;;INF082J01135;10.0085;;;20-Jun-2026
103734;Quantum Liquid Fund - Direct Plan Growth Option;INF082J01127;;37.2226;;;20-Jun-2026
103735;Quantum Liquid Fund - Direct Plan Monthly IDCW;INF082J01143;INF082J01200;10.0581;;;20-Jun-2026
141065;Quantum Liquid Fund - Regular Plan Daily IDCW;;INF082J01317;10.0002;;;20-Jun-2026
141066;Quantum Liquid Fund - Regular Plan Growth Option;INF082J01309;;36.9231;;;20-Jun-2026
141067;Quantum Liquid Fund - Regular Plan Monthly IDCW;INF082J01325;INF082J01333;10.0542;;;20-Jun-2026
152299;Quantum Liquid Fund - Unclaimed IDCW Plan Above 3 years;;;10.0000;;;20-Jun-2026
152298;Quantum Liquid Fund - Unclaimed IDCW Plan Below 3 years;;;11.7028;;;20-Jun-2026
152301;Quantum Liquid Fund - Unclaimed Redemption Plan Above 3 years;;;10.0000;;;20-Jun-2026
152300;Quantum Liquid Fund - Unclaimed Redemption Plan Below 3 years;;;11.2331;;;20-Jun-2026

SBI Mutual Fund
119804;SBI Liquid Fund - Direct Paln - Fortnightly Income Distribution cum Capital Withdrawal Option (IDCW);INF200K01UR8;INF200K01US6;1428.8478;;;20-Jun-2026
119805;SBI Liquid Fund - Direct Plan - Daily Income Distribution cum Capital Withdrawal Option (IDCW);;INF200K01UQ0;1144.2418;;;20-Jun-2026
119799;SBI Liquid Fund - Direct Plan - Weekly Income Distribution cum Capital Withdrawal Option (IDCW);INF200K01UU2;INF200K01UV0;1385.7314;;;20-Jun-2026
119800;SBI Liquid Fund - DIRECT PLAN -Growth;INF200K01UT4;;4375.5825;;;20-Jun-2026
105274;SBI Liquid Fund - Institutional - Growth;INF200K01LU1;;4368.0527;;;20-Jun-2026
105275;SBI Liquid Fund - Institutional Daily Income Distribution cum Capital Withdrawal Option (IDCW);;INF200K01LR7;1403.2974;;;20-Jun-2026
105281;SBI Liquid Fund - Regular Plan - Daily Income Distribution cum Capital Withdrawal Option (IDCW);;INF200K01LX5;1140.9290;;;20-Jun-2026
105283;SBI Liquid Fund - Regular Plan - Fortnightly Income Distribution cum Capital Withdrawal Option (IDCW);INF200K01LY3;INF200K01LZ0;1420.0847;;;20-Jun-2026
105282;SBI Liquid Fund - Regular Plan - Weekly Income Distribution cum Capital Withdrawal Option (IDCW);INF200K01MB9;INF200K01MC7;1378.8353;;;20-Jun-2026
105280;SBI Liquid Fund - REGULAR PLAN -Growth;INF200K01MA1;;4327.1351;;;20-Jun-2026

Shriram Mutual Fund
153035;Shriram Liquid Fund - Direct Plan Growth Option;INF680P01430;;1105.4332;;;20-Jun-2026
153036;Shriram Liquid Fund - Regular Plan Growth Option;INF680P01448;;1102.9518;;;20-Jun-2026
153282;Shriram Unclaimed IDCW Liquid Fund;;;1078.156;;;20-Jun-2026
153283;Shriram Unclaimed IDCW Stable Scheme Liquid Fund;;;1000;;;20-Jun-2026
153280;Shriram Unclaimed Redemption Liquid Fund;;;1090.6257;;;20-Jun-2026
153281;Shriram Unclaimed Redemption Stable Scheme Liquid Fund;;;1000;;;20-Jun-2026

Sundaram Mutual Fund
149664;Sundaram Liquid Fund (Formerly Known as Principal Cash Management Fund) - Direct Plan - Growth Option;INF173K01GU0;;2473.2434;;;20-Jun-2026
149660;Sundaram Liquid Fund (Formerly Known as Principal Cash Management Fund) - Regular Plan IDCW;INF173K01DD3;INF173K01DE1;1045.1081;;;20-Jun-2026
149662;Sundaram Liquid Fund (Formerly Known as Principal Cash Management Fund) -Direct Plan - IDCW;INF173K01GV8;INF173K01GW6;1047.9582;;;20-Jun-2026
149661;Sundaram Liquid Fund (Formerly Known as Principal Cash Management Fund) -Growth Option;INF173K01DA9;;2439.9145;;;20-Jun-2026

Tata Mutual Fund
153689;Tata Liquid Fund - Direct Plan - Weekly IDCW Reinvestment;;INF277KA1EE2;1062.2730;;;20-Jun-2026
153688;Tata Liquid Fund - Regular Plan - Weekly IDCW Reinvestment;;INF277KA1EF9;1057.3552;;;20-Jun-2026
102672;Tata Liquid Fund -Regular Plan - Growth Option;INF277K01YD8;;4361.0109;;;20-Jun-2026
119862;Tata Liquid Fund- Direct Plan - Daily Reinvestment of IDCW Option;;INF277K012D2;1001.5187;;;20-Jun-2026
119861;Tata Liquid Fund- Direct Plan-Growth Option;INF277K01YE6;;4418.4673;;;20-Jun-2026
101714;Tata Liquid Fund- Regular Plan - Daily Reinvestment of IDCW Option;;INF277K011D4;1001.5157;;;20-Jun-2026

The Wealth Company Mutual Fund
153887;THE WEALTH COMPANY LIQUID FUND DIRECT DAILY ICDW;;INF2F0001073;1003.4473;;;20-Jun-2026
153883;THE WEALTH COMPANY LIQUID FUND DIRECT GROWTH;INF2F0001081;;1045.3124;;;20-Jun-2026
153884;THE WEALTH COMPANY LIQUID FUND DIRECT MONTHLY IDCW;INF2F0001107;INF2F0001099;1007.7884;;;20-Jun-2026
153889;THE WEALTH COMPANY LIQUID FUND DIRECT WEEKLY;INF2F0001123;INF2F0001115;1003.0693;;;20-Jun-2026
153886;THE WEALTH COMPANY LIQUID FUND REGULAR DAILY IDCW;;INF2F0001131;1002.1646;;;20-Jun-2026
153888;THE WEALTH COMPANY LIQUID FUND REGULAR GROWTH;INF2F0001149;;1044.1765;;;20-Jun-2026
153890;THE WEALTH COMPANY LIQUID FUND REGULAR MONTHLY IDCW;INF2F0001164;INF2F0001156;1007.6316;;;20-Jun-2026
153885;THE WEALTH COMPANY LIQUID FUND REGULAR WEEKLY IDCW;INF2F0001180;INF2F0001172;1003.0562;;;20-Jun-2026

Trust Mutual Fund
148842;TRUSTMF Liquid Fund-Direct Plan-Daily Income Distribution cum Capital Withdrawal;;INF0GCD01263;1282.9832;;;20-Jun-2026
148841;TRUSTMF Liquid Fund-Direct Plan-Growth;INF0GCD01255;;1354.7919;;;20-Jun-2026
148839;TRUSTMF Liquid Fund-Direct Plan-Monthly Income Distribution cum Capital Withdrawal;INF0GCD01305;INF0GCD01297;1212.5598;;;20-Jun-2026
148837;TRUSTMF Liquid Fund-Direct Plan-Weekly Income Distribution cum Capital Withdrawal;INF0GCD01271;INF0GCD01289;1239.3472;;;20-Jun-2026
148834;TRUSTMF Liquid Fund-Regular Plan-Daily Income Distribution cum Capital Withdrawal;;INF0GCD01206;1211.7212;;;20-Jun-2026
148833;TRUSTMF Liquid Fund-Regular Plan-Growth;INF0GCD01198;;1344.2503;;;20-Jun-2026
148843;TRUSTMF Liquid Fund-Regular Plan-Monthly Income Distribution cum Capital Withdrawal;INF0GCD01248;INF0GCD01230;1203.1491;;;20-Jun-2026
148836;TRUSTMF Liquid Fund-Regular Plan-Weekly Income Distribution cum Capital Withdrawal;INF0GCD01214;INF0GCD01222;1186.9477;;;20-Jun-2026

Unifi Mutual Fund
153570;Unifi Liquid Fund- Direct Growth;INF1MIY01056;;1062.3294;;;20-Jun-2026
153571;Unifi Liquid Fund- Regular Growth;INF1MIY01064;;1061.674;;;20-Jun-2026

Union Mutual Fund
115401;Union Liquid Fund - Daily IDCW Option;;INF582M01021;1001.4576;;;20-Jun-2026
119301;Union Liquid Fund - Direct Plan - Daily IDCW Option;;INF582M01682;1001.5520;;;20-Jun-2026
119305;Union Liquid Fund - Direct Plan - Fortnightly IDCW Option;INF582M01724;INF582M01708;1003.2922;;;20-Jun-2026
119303;Union Liquid Fund - Direct Plan - Growth Option;INF582M01674;;2700.3978;;;20-Jun-2026
119302;Union Liquid Fund - Direct Plan - Monthly IDCW Option;INF582M01732;INF582M01716;1006.5260;;;20-Jun-2026
119304;Union Liquid Fund - Direct Plan - Weekly IDCW Option;;INF582M01690;1002.0337;;;20-Jun-2026
115399;Union Liquid Fund - Fortnightly IDCW Option;INF582M01062;INF582M01047;1003.2537;;;20-Jun-2026
115398;Union Liquid Fund - Growth Option;INF582M01013;;2665.0959;;;20-Jun-2026
115400;Union Liquid Fund - Monthly IDCW Option;INF582M01070;INF582M01054;1006.0379;;;20-Jun-2026
115402;Union Liquid Fund - Weekly IDCW Option;;INF582M01039;1002.2795;;;20-Jun-2026

UTI Mutual Fund
134427;UTI Liquid Fund - Direct Plan - Annual IDCW;INF789FA1K63;INF789FA1K71;201.8586;;;20-Jun-2026
120558;UTI Liquid Fund - Direct Plan - Daily IDCW (Reinvestment);;INF789F01XP8;106.5304;;;20-Jun-2026
141768;UTI Liquid Fund - Direct Plan - Flexi IDCW;INF789FA1K89;INF789FA1K97;166.2598;;;20-Jun-2026
140913;UTI Liquid Fund - Direct Plan - Fortnightly IDCW;INF789FA1K06;INF789FA1K14;115.7307;;;20-Jun-2026
140504;UTI Liquid Fund - Direct Plan - Half-Yearly IDCW;INF789FA1K48;INF789FA1K55;157.6779;;;20-Jun-2026
120794;UTI Liquid Fund - Direct Plan - Monthly IDCW;INF789F01XR4;INF789F01XS2;104.7731;;;20-Jun-2026
140024;UTI Liquid Fund - Direct Plan - Quarterly IDCW;INF789FA1K22;INF789FA1K30;190.6416;;;20-Jun-2026
120777;UTI Liquid Fund - Direct Plan - Weekly IDCW;;INF789F01XT0;107.472;;;20-Jun-2026
133973;UTI Liquid Fund - Regular Plan - Annual IDCW;INF789FA1J66;INF789FA1J74;200.3854;;;20-Jun-2026
102010;UTI Liquid Fund - Regular Plan - Daily IDCW (Reinvestment);;INF789F01PG3;119.6264;;;20-Jun-2026
140517;UTI Liquid Fund - Regular Plan - Flexi IDCW;INF789FA1J82;INF789FA1J90;165.1532;;;20-Jun-2026
139838;UTI Liquid Fund - Regular Plan - Fortnightly IDCW;INF789FA1J09;INF789FA1J17;115.6453;;;20-Jun-2026
144475;UTI Liquid Fund - Regular Plan - Half-Yearly IDCW;INF789FA1J41;INF789FA1J58;139.554;;;20-Jun-2026
102011;UTI Liquid Fund - Regular Plan - Monthly IDCW;INF789F01PI9;INF789F01PJ7;113.0266;;;20-Jun-2026
135721;UTI Liquid Fund - Regular Plan - Quarterly IDCW;INF789FA1J25;INF789FA1J33;189.2083;;;20-Jun-2026
102013;UTI Liquid Fund - Regular Plan - Weekly IDCW;;INF789F01PK5;105.3463;;;20-Jun-2026
120304;UTI-  Liquid Cash Plan - Direct Plan - Growth Option;INF789F01XQ6;;458.9915;;;20-Jun-2026
102012;UTI-  Liquid Cash Plan - Regular Plan - Growth Option;INF789F01PH1;;454.4497;;;20-Jun-2026
102008;UTI-  Liquid Cash Plan- Discontinued - Regular Plan - Monthly Dividend Option;INF789F01BC2;INF789F01BA6;106.7488;;;20-Jun-2026
102009;UTI-  Liquid Cash Plan- Discontinued - Regular Plan -Growth;INF789F01BB4;;412.3858;;;20-Jun-2026
102007;UTI-  Liquid Cash Plan- Discontinued -Regular Plan Periodic Dividend Option;;INF789F01AZ5;113.6309;;;20-Jun-2026

Open Ended Schemes ( Other Scheme - Other  ETFs )


Bajaj Finserv Mutual Fund
152638;Bajaj Finserv Nifty 1D Rate Liquid ETF;INF0QA701854;;1086.6158;;;20-Jun-2026

Edelweiss Mutual Fund
153920;Edelweiss Nifty 1D Rate Liquid ETF - Growth;INF754K01VW2;;1035.7933;;;20-Jun-2026

Kotak Mahindra Mutual Fund
151358;Kotak Nifty 1D Rate Liquid ETF;INF174KA1LV5;;1109.7203;;;20-Jun-2026

Mirae Asset Mutual Fund
153045;Mirae Asset Nifty 1D Rate Liquid ETF - Growth;INF769K01MY5;;1090.6368;;;20-Jun-2026
151908;Mirae Asset Nifty 1D Rate Liquid ETF-IDCW;;INF769K01KS1;1000.0000;;;20-Jun-2026

Shriram Mutual Fund
152741;Shriram Nifty 1D Rate Liquid ETF - Growth;INF680P01422;;1109.4192;;;20-Jun-2026
